-- MySQL dump 10.13  Distrib 8.0.18, for Linux (x86_64)
--
-- Host: localhost    Database: sqltutorial
-- ------------------------------------------------------
-- Server version	8.0.18

/*!40101 SET @OLD_CHARACTER_SET_CLIENT=@@CHARACTER_SET_CLIENT */;
/*!40101 SET @OLD_CHARACTER_SET_RESULTS=@@CHARACTER_SET_RESULTS */;
/*!40101 SET @OLD_COLLATION_CONNECTION=@@COLLATION_CONNECTION */;
/*!50503 SET NAMES utf8mb4 */;
/*!40103 SET @OLD_TIME_ZONE=@@TIME_ZONE */;
/*!40103 SET TIME_ZONE='+00:00' */;
/*!40014 SET @OLD_UNIQUE_CHECKS=@@UNIQUE_CHECKS, UNIQUE_CHECKS=0 */;
/*!40014 SET @OLD_FOREIGN_KEY_CHECKS=@@FOREIGN_KEY_CHECKS, FOREIGN_KEY_CHECKS=0 */;
/*!40101 SET @OLD_SQL_MODE=@@SQL_MODE, SQL_MODE='NO_AUTO_VALUE_ON_ZERO' */;
/*!40111 SET @OLD_SQL_NOTES=@@SQL_NOTES, SQL_NOTES=0 */;

--
-- Temporary view structure for view `ART_DEPORTES`
--

DROP TABLE IF EXISTS `ART_DEPORTES`;
/*!50001 DROP VIEW IF EXISTS `ART_DEPORTES`*/;
SET @saved_cs_client     = @@character_set_client;
/*!50503 SET character_set_client = utf8mb4 */;
/*!50001 CREATE VIEW `ART_DEPORTES` AS SELECT 
 1 AS `NOMBRE_ARTÍCULO`,
 1 AS `SECCIÓN`,
 1 AS `PRECIO`,
 1 AS `PAÍS_DE_ORIGEN`*/;
SET character_set_client = @saved_cs_client;

--
-- Table structure for table `CLIENTES`
--

DROP TABLE IF EXISTS `CLIENTES`;
/*!40101 SET @saved_cs_client     = @@character_set_client */;
/*!50503 SET character_set_client = utf8mb4 */;
CREATE TABLE `CLIENTES` (
  `CÓDIGO_CLIENTE` text,
  `EMPRESA` text,
  `DIRECCIÓN` text,
  `POBLACIÓN` text,
  `TELÉFONO` text,
  `RESPONSABLE` text,
  `HISTORIAL` text
) ENGINE=InnoDB DEFAULT CHARSET=utf8mb4 COLLATE=utf8mb4_0900_ai_ci;
/*!40101 SET character_set_client = @saved_cs_client */;

--
-- Dumping data for table `CLIENTES`
--

LOCK TABLES `CLIENTES` WRITE;
/*!40000 ALTER TABLE `CLIENTES` DISABLE KEYS */;
INSERT INTO `CLIENTES` VALUES ('CT01','BELTRÁN E HIJOS','LAS FUENTES 78','MADRID','914456435','ANGEL MARTÍNEZ',NULL),('CT02','LA MODERNA','LA PALOMA 123','OVIEDO','985323434','JUAN GARCÍA',NULL),('CT03','EL ESPAÑOLITO','MOTORES 34','BARCELONA','934565343','ANA FERNÁNDEZ',NULL),('CT04','EXPORTASA','VALLECAS 34','MADRID','913452378','ELVIRA GÓMEZ',NULL),('CT06','CONFECCIONES AMPARO','LOS MOROS 23','GIJÓN','985754332','LUÍS ÁLVAREZ',NULL),('CT07','LA CASA DEL JUGUETE','AMÉRICA 45','MADRID','912649987','ELÍAS PÉREZ',NULL),('CT08','JUGUETERÍA SUÁREZ','PARIS 123','BARCELONA','933457866','JUAN GARCÍA',NULL),('CT09','ALMACÉN POPULAR','LAS FUENTES 124','BILBAO','942347127','JOSÉ ÁLVAREZ',NULL),('CT10','FERETERÍA EL CLAVO','PASEO DE ÁLAMOS 78','MADRID','914354866','MANUEL MENÉNDEZ',NULL),('CT11','JUGUETES MARTÍNEZ','VIA LAYETANA 245','BARCELONA','936628554','FRANCISCO CUEVAS',NULL),('CT12','FERNÁNDEZ SL','PASEO DEL MAR 45','SANTANDER','942049586','ELISA COLLADO',NULL),('CT13','CONFECCIONES ARTÍMEZ','GENERAL PERÓN 45','A CORUÑA','981345239','ESTEBAN PASCUAL',NULL),('CT14','DEPORTES GARCÍA','GUZMÁN EL BUENO 45','MADRID','913299475','ANA JIMÉNEZ',NULL),('CT15','EXCLUSIVAS FERNÁNDEZ','LLOBREGAT 250','BARCELONA','939558365','LUISA FERNÁNDEZ',NULL),('CT16','DEPORTES MORÁN','AUTONOMÍA 45','LUGO','982986944','JOSÉ MANZANO',NULL),('CT17','BAZAR FRANCISCO','CARMEN 45','ZAMORA','980495288','CARLOS BELTRÁN',NULL),('CT18','JUGUETES LA SONRISA','LA BAÑEZA 67','LEÓN','987945368','FAUSTINO PÉREZ',NULL),('CT19','CONFECCIONES GALÁN','FUENCARRAL 78','MADRID','913859234','JUAN GARCÍA',NULL),('CT20','LA CURTIDORA','OLIVARES 3','MÁLAGA','953756259','MARÍA GÓMEZ',NULL),('CT21','LÍNEA JOVEN','SIERPES 78','SEVILLA','953452567','ASUNCIÓN SALADO',NULL),('CT22','BAZAR EL BARAT','DIAGONAL 56','BARCELONA','936692866','ELISA DAPENA',NULL),('CT23','EL PALACIO DE LA MODA','ORTEGA Y GASSET 129','MADRID','927785235','LAURA CARRASCO',NULL),('CT24','SÁEZ Y CÍA','INFANTA MERCEDS 23','SEVILLA','954869234','MANUEL GUERRA',NULL),('CT25','DEPORTES EL MADRILEÑO','CASTILLA 345','ZARAGOZA','976388934','CARLOS GONZÁLEZ',NULL),('CT26','FERRETERÍA LA ESCOBA','ORENSE 7','MADRID','918459346','JOSÉ GARCÍA',NULL),('CT27','JUGUETES EL BARATO','VÍA AUGUSTA 245','BARCELONA','933486984','ELVIRA IGLESIAS',NULL),('CT28','CONFECCIONES HERMINIA','CORRIDA 345','GIJÓN','985597315','ABEL GONZÁLEZ',NULL),('CT30','BAZAR EL ARGENTINO','ATOCHA 55','MADRID','912495973','ADRIÁN ÁLVAREZ',NULL),('CT31','LA TIENDA ELEGANTE','EL COMENDADOR 67','ZARAGOZA','975694035','JOSÉ PASCUAL',NULL),('CT32','DEPORTES NAUTICOS GARCÍA','JUAN FERNÁNDEZ 89','ÁVILA','920268648','JUAN CONRADO',NULL),('CT33','CONFECCIONES RUIZ','LLOBREGAT 345','BARCELONA','934587615','CARLOS SANZ',NULL),('CT34','BAZAR LA FARAONA','CASTILLA Y LEÓN 34','MADRID','915483627','ANGEL SANTAMARÍA',NULL),('CT35','FERRETERÍA EL MARTILLO','CASTELLANOS 205','SALAMANCA','923548965','JOAQUÍN FERNANDEZ',NULL),('CT36','JUGUETES EDUCATIVOS SANZ','ORENSE 89','MADRID','916872354','PEDRO IGLESIAS',NULL),('CT37','ALMACENES FERNANDEZ','ANTÓN 67','TERUEL','978564025','MARIA ARDANZA',NULL),('CT38','CONFECCIONES MÓNICA','MOTORES 67','BARCELONA','935681245','PEDRO SERRANO',NULL),('CT39','FERRETERÍA LIMA','VALLECAS 45','MADRID','913532785','LUIS GARCÍA',NULL),('CT40','DEPORTES EL BRASILEÑO','ABEL MARTÍNEZ 67','SALAMANCA','921548762','CARLOS GÓMEZ',NULL);
/*!40000 ALTER TABLE `CLIENTES` ENABLE KEYS */;
UNLOCK TABLES;

--
-- Table structure for table `CLIENTES2`
--

DROP TABLE IF EXISTS `CLIENTES2`;
/*!40101 SET @saved_cs_client     = @@character_set_client */;
/*!50503 SET character_set_client = utf8mb4 */;
CREATE TABLE `CLIENTES2` (
  `CÓDIGO CLIENTE` text,
  `EMPRESA` text,
  `DIRECCIÓN` text,
  `POBLACIÓN` text,
  `TELÉFONO` text,
  `RESPONSABLE` text,
  `HISTORIAL` text
) ENGINE=InnoDB DEFAULT CHARSET=utf8mb4 COLLATE=utf8mb4_0900_ai_ci;
/*!40101 SET character_set_client = @saved_cs_client */;

--
-- Dumping data for table `CLIENTES2`
--

LOCK TABLES `CLIENTES2` WRITE;
/*!40000 ALTER TABLE `CLIENTES2` DISABLE KEYS */;
INSERT INTO `CLIENTES2` VALUES ('CT02','LA MODERNA','LA PALOMA 123','OVIEDO','(985) 32- 34- 34','JUAN GARCÍA',NULL),('CT03','EL ESPAÑOLITO','MOTORES 34','BARCELONA','(934) 56- 53- 43','ANA FERNÁNDEZ',NULL),('CT06','CONFECCIONES AMPARO','LOS MOROS 23','GIJÓN','(985) 75- 43- 32','LUÍS ÁLVAREZ',NULL),('CT08','JUGUETERÍA SUÁREZ','PARIS 123','BARCELONA','(933) 45- 78- 66','JUAN GARCÍA',NULL),('CT09','ALMACÉN POPULAR','LAS FUENTES 124','BILBAO','(942) 34- 71- 27','JOSÉ ÁLVAREZ',NULL),('CT11','JUGUETES MARTÍNEZ','VIA LAYETANA 245','BARCELONA','(936) 62- 85- 54','FRANCISCO CUEVAS',NULL),('CT12','FERNÁNDEZ SL','PASEO DEL MAR 45','SANTANDER','(942) 04- 95- 86','ELISA COLLADO',NULL),('CT13','CONFECCIONES ARTÍMEZ','GENERAL PERÓN 45','A CORUÑA','(981) 34- 52- 39','ESTEBAN PASCUAL',NULL),('CT15','EXCLUSIVAS FERNÁNDEZ','LLOBREGAT 250','BARCELONA','(939) 55- 83- 65','LUISA FERNÁNDEZ',NULL),('CT16','DEPORTES MORÁN','AUTONOMÍA 45','LUGO','(982) 98- 69- 44','JOSÉ MANZANO',NULL),('CT17','BAZAR FRANCISCO','CARMEN 45','ZAMORA','(980) 49- 52- 88','CARLOS BELTRÁN',NULL),('CT18','JUGUETES LA SONRISA','LA BAÑEZA 67','LEÓN','(987) 94- 53- 68','FAUSTINO PÉREZ',NULL),('CT20','LA CURTIDORA','OLIVARES 3','MÁLAGA','(953) 75- 62- 59','MARÍA GÓMEZ',NULL),('CT21','LÍNEA JOVEN','SIERPES 78','SEVILLA','(953) 45- 25- 67','ASUNCIÓN SALADO',NULL),('CT22','BAZAR EL BARAT','DIAGONAL 56','BARCELONA','(936) 69- 28- 66','ELISA DAPENA',NULL),('CT24','SÁEZ Y CÍA','INFANTA MERCEDS 23','SEVILLA','(954) 86- 92- 34','MANUEL GUERRA',NULL),('CT25','DEPORTES EL MADRILEÑO','CASTILLA 345','ZARAGOZA','(976) 38- 89- 34','CARLOS GONZÁLEZ',NULL),('CT27','JUGUETES EL BARATO','VÍA AUGUSTA 245','BARCELONA','(933) 48- 69- 84','ELVIRA IGLESIAS',NULL),('CT28','CONFECCIONES HERMINIA','CORRIDA 345','GIJÓN','(985) 59- 73- 15','ABEL GONZÁLEZ',NULL),('CT31','LA TIENDA ELEGANTE','EL COMENDADOR 67','ZARAGOZA','(975) 69- 40- 35','JOSÉ PASCUAL',NULL),('CT32','DEPORTES NAUTICOS GARCÍA','JUAN FERNÁNDEZ 89','ÁVILA','(920) 26- 86- 48','JUAN CONRADO',NULL),('CT33','CONFECCIONES RUIZ','LLOBREGAT 345','BARCELONA','(934) 58- 76- 15','CARLOS SANZ',NULL),('CT35','FERRETERÍA EL MARTILLO','CASTELLANOS 205','SALAMANCA','(923) 54- 89- 65','JOAQUÍN FERNANDEZ',NULL),('CT37','ALMACENES FERNANDEZ','ANTÓN 67','TERUEL','(978) 56- 40- 25','MARIA ARDANZA',NULL),('CT38','CONFECCIONES MÓNICA','MOTORES 67','BARCELONA','(935) 68- 12- 45','PEDRO SERRANO',NULL),('CT40','DEPORTES EL BRASILEÑO','ABEL MARTÍNEZ 67','SALAMANCA','(921) 54- 87- 62','CARLOS GÓMEZ',NULL),('CT01','BELTRÁN E HIJOS',NULL,'MADRID','(914) 45- 64- 35',NULL,NULL),('CT04','EXPORTASA',NULL,'MADRID','(913) 45- 23- 78',NULL,NULL),('CT07','LA CASA DEL JUGUETE',NULL,'MADRID','(912) 64- 99- 87',NULL,NULL),('CT10','FERETERÍA EL CLAVO',NULL,'MADRID','(914) 35- 48- 66',NULL,NULL),('CT14','DEPORTES GARCÍA',NULL,'MADRID','(913) 29- 94- 75',NULL,NULL),('CT19','CONFECCIONES GALÁN',NULL,'MADRID','(913) 85- 92- 34',NULL,NULL),('CT23','EL PALACIO DE LA MODA',NULL,'MADRID','(927) 78- 52- 35',NULL,NULL),('CT26','FERRETERÍA LA ESCOBA',NULL,'MADRID','(918) 45- 93- 46',NULL,NULL),('CT30','BAZAR EL ARGENTINO',NULL,'MADRID','(912) 49- 59- 73',NULL,NULL),('CT34','BAZAR LA FARAONA',NULL,'MADRID','(915) 48- 36- 27',NULL,NULL),('CT36','JUGUETES EDUCATIVOS SANZ',NULL,'MADRID','(916) 87- 23- 54',NULL,NULL),('CT39','FERRETERÍA LIMA',NULL,'MADRID','(913) 53- 27- 85',NULL,NULL);
/*!40000 ALTER TABLE `CLIENTES2` ENABLE KEYS */;
UNLOCK TABLES;

--
-- Table structure for table `CLIENTES_MADRID`
--

DROP TABLE IF EXISTS `CLIENTES_MADRID`;
/*!40101 SET @saved_cs_client     = @@character_set_client */;
/*!50503 SET character_set_client = utf8mb4 */;
CREATE TABLE `CLIENTES_MADRID` (
  `CÓDIGO CLIENTE` text,
  `EMPRESA` text,
  `DIRECCIÓN` text,
  `POBLACIÓN` text,
  `TELÉFONO` text,
  `RESPONSABLE` text,
  `HISTORIAL` text,
  `FECHA_BAJA` date DEFAULT NULL
) ENGINE=InnoDB DEFAULT CHARSET=utf8mb4 COLLATE=utf8mb4_0900_ai_ci;
/*!40101 SET character_set_client = @saved_cs_client */;

--
-- Dumping data for table `CLIENTES_MADRID`
--

LOCK TABLES `CLIENTES_MADRID` WRITE;
/*!40000 ALTER TABLE `CLIENTES_MADRID` DISABLE KEYS */;
INSERT INTO `CLIENTES_MADRID` VALUES ('CT01','BELTRÁN E HIJOS','LAS FUENTES 78','MADRID','(914) 45- 64- 35','ANGEL MARTÍNEZ',NULL,NULL),('CT04','EXPORTASA','VALLECAS 34','MADRID','(913) 45- 23- 78','ELVIRA GÓMEZ',NULL,NULL),('CT07','LA CASA DEL JUGUETE','AMÉRICA 45','MADRID','(912) 64- 99- 87','ELÍAS PÉREZ',NULL,NULL),('CT10','FERETERÍA EL CLAVO','PASEO DE ÁLAMOS 78','MADRID','(914) 35- 48- 66','MANUEL MENÉNDEZ',NULL,NULL),('CT14','DEPORTES GARCÍA','GUZMÁN EL BUENO 45','MADRID','(913) 29- 94- 75','ANA JIMÉNEZ',NULL,NULL),('CT19','CONFECCIONES GALÁN','FUENCARRAL 78','MADRID','(913) 85- 92- 34','JUAN GARCÍA',NULL,NULL),('CT23','EL PALACIO DE LA MODA','ORTEGA Y GASSET 129','MADRID','(927) 78- 52- 35','LAURA CARRASCO',NULL,NULL),('CT26','FERRETERÍA LA ESCOBA','ORENSE 7','MADRID','(918) 45- 93- 46','JOSÉ GARCÍA',NULL,NULL),('CT30','BAZAR EL ARGENTINO','ATOCHA 55','MADRID','(912) 49- 59- 73','ADRIÁN ÁLVAREZ',NULL,NULL),('CT34','BAZAR LA FARAONA','CASTILLA Y LEÓN 34','MADRID','(915) 48- 36- 27','ANGEL SANTAMARÍA',NULL,NULL),('CT36','JUGUETES EDUCATIVOS SANZ','ORENSE 89','MADRID','(916) 87- 23- 54','PEDRO IGLESIAS',NULL,NULL),('CT39','FERRETERÍA LIMA','VALLECAS 45','MADRID','(913) 53- 27- 85','LUIS GARCÍA',NULL,NULL);
/*!40000 ALTER TABLE `CLIENTES_MADRID` ENABLE KEYS */;
UNLOCK TABLES;

--
-- Table structure for table `EJEMPLO`
--

DROP TABLE IF EXISTS `EJEMPLO`;
/*!40101 SET @saved_cs_client     = @@character_set_client */;
/*!50503 SET character_set_client = utf8mb4 */;
CREATE TABLE `EJEMPLO` (
  `NOMBRE` varchar(20) NOT NULL,
  `APELLIDO` varchar(20) NOT NULL,
  `EDAD` int(11) DEFAULT NULL,
  `DNI` varchar(10) NOT NULL
) ENGINE=InnoDB DEFAULT CHARSET=utf8mb4 COLLATE=utf8mb4_0900_ai_ci;
/*!40101 SET character_set_client = @saved_cs_client */;

--
-- Dumping data for table `EJEMPLO`
--

LOCK TABLES `EJEMPLO` WRITE;
/*!40000 ALTER TABLE `EJEMPLO` DISABLE KEYS */;
/*!40000 ALTER TABLE `EJEMPLO` ENABLE KEYS */;
UNLOCK TABLES;

--
-- Table structure for table `PEDIDOS`
--

DROP TABLE IF EXISTS `PEDIDOS`;
/*!40101 SET @saved_cs_client     = @@character_set_client */;
/*!50503 SET character_set_client = utf8mb4 */;
CREATE TABLE `PEDIDOS` (
  `NÚMERO DE PEDIDO` int(11) DEFAULT NULL,
  `CÓDIGO CLIENTE` text,
  `FECHA DE PEDIDO` text,
  `FORMA DE PAGO` text,
  `DESCUENTO` text,
  `ENVIADO` text
) ENGINE=InnoDB DEFAULT CHARSET=utf8mb4 COLLATE=utf8mb4_0900_ai_ci;
/*!40101 SET character_set_client = @saved_cs_client */;

--
-- Dumping data for table `PEDIDOS`
--

LOCK TABLES `PEDIDOS` WRITE;
/*!40000 ALTER TABLE `PEDIDOS` DISABLE KEYS */;
INSERT INTO `PEDIDOS` VALUES (1,'CT01','11/03/2000','CONTADO','2,00%','VERDADERO'),(3,'CT23','18/03/2000','APLAZADO','6,00%','FALSO'),(5,'CT25','31/03/2000','CONTADO','9,00%','FALSO'),(7,'CT12','12/04/2000','CONTADO','7,00%','FALSO'),(8,'CT01','15/04/2000','TARJETA','2,00%','VERDADERO'),(9,'CT21','21/04/2000','CONTADO','4,00%','FALSO'),(13,'CT13','30/04/2000','APLAZADO','3,00%','FALSO'),(22,'CT07','31/05/2000','TARJETA','5,00%','VERDADERO'),(25,'CT18','02/06/2000','CONTADO','6,00%','FALSO'),(27,'CT34','06/06/2000','CONTADO','4,00%','FALSO'),(31,'CT30','08/06/2000','TARJETA','5,00%','VERDADERO'),(28,'CT28','08/06/2000','APLAZADO','8,00%','FALSO'),(47,'CT34','31/07/2000','APLAZADO','8,00%','FALSO'),(30,'CT02','15/08/2000','CONTADO','6,00%','VERDADERO'),(63,'CT28','10/09/2000','CONTADO','9,00%','FALSO'),(77,'CT01','28/10/2000','CONTADO','5,00%','FALSO'),(79,'CT34','12/12/2000','CONTADO','5,00%','FALSO'),(105,'CT30','01/01/2001','APLAZADO','9,00%','FALSO'),(102,'CT06','12/01/2001','CONTADO','7,00%','VERDADERO'),(103,'CT02','24/01/2001','CONTADO','4,00%','FALSO'),(29,'CT30','02/04/2001','TARJETA','6,00%','FALSO'),(11,'CT04','01/05/2001','CONTADO','8,00%','VERDADERO'),(16,'CT25','11/05/2001','CONTADO','12,00%','FALSO'),(12,'CT06','19/05/2001','CONTADO','9,00%','VERDADERO'),(21,'CT16','28/05/2001','CONTADO','3,00%','FALSO'),(26,'CT09','04/06/2001','APLAZADO','7,00%','VERDADERO'),(32,'CT14','20/06/2001','APLAZADO','6,00%','FALSO'),(35,'CT26','30/06/2001','CONTADO','6,00%','FALSO'),(37,'CT24','02/07/2001','TARJETA','3,00%','VERDADERO'),(39,'CT20','08/07/2001','TARJETA','6,00%','VERDADERO'),(43,'CT09','18/07/2001','CONTADO','7,00%','FALSO'),(73,'CT01','02/08/2001','CONTADO','7,00%','FALSO'),(86,'CT09','24/12/2001','APLAZADO','3,00%','FALSO'),(98,'CT01','27/12/2001','CONTADO','8,00%','VERDADERO'),(5050,'CT30','27/03/2002','TARJETA','0,00%','VERDADERO'),(19,'CT10','22/05/2002','CONTADO','7,00%','VERDADERO'),(34,'CT26','23/06/2002','TARJETA','5,00%','FALSO'),(40,'CT04','12/07/2002','CONTADO','12,00%','FALSO'),(42,'CT34','15/07/2002','APLAZADO','7,00%','VERDADERO'),(44,'CT34','20/07/2002','APLAZADO','4,00%','FALSO'),(45,'CT30','22/07/2002','TARJETA','7,00%','FALSO'),(46,'CT31','25/07/2002','CONTADO','6,00%','FALSO'),(5005,'CT30','10/08/2002','TARJETA','0,00%','VERDADERO'),(72,'CT01','18/08/2002','CONTADO','5,00%','VERDADERO'),(48,'CT18','30/08/2002','CONTADO','3,00%','FALSO'),(49,'CT28','02/09/2002','CONTADO','3,00%','FALSO'),(50,'CT09','05/09/2002','APLAZADO','8,00%','FALSO'),(51,'CT09','05/09/2002','CONTADO','5,00%','VERDADERO'),(74,'CT01','17/09/2002','APLAZADO','8,00%','FALSO'),(75,'CT01','30/09/2002','TARJETA','12,00%','FALSO'),(76,'CT01','19/10/2002','CONTADO','4,00%','VERDADERO'),(85,'CT04','23/12/2002','TARJETA','4,00%','FALSO');
/*!40000 ALTER TABLE `PEDIDOS` ENABLE KEYS */;
UNLOCK TABLES;

--
-- Table structure for table `PRODUCTOS`
--

DROP TABLE IF EXISTS `PRODUCTOS`;
/*!40101 SET @saved_cs_client     = @@character_set_client */;
/*!50503 SET character_set_client = utf8mb4 */;
CREATE TABLE `PRODUCTOS` (
  `CODÍGO_ARTÍCULO` text,
  `SECCIÓN` text,
  `NOMBRE_ARTÍCULO` text,
  `PRECIO` decimal(10,0) DEFAULT NULL,
  `FECHA` date DEFAULT NULL,
  `IMPORTADO` text,
  `PAÍS_DE_ORIGEN` text,
  `FOTO` text
) ENGINE=InnoDB DEFAULT CHARSET=utf8mb4 COLLATE=utf8mb4_0900_ai_ci;
/*!40101 SET character_set_client = @saved_cs_client */;

--
-- Dumping data for table `PRODUCTOS`
--

LOCK TABLES `PRODUCTOS` WRITE;
/*!40000 ALTER TABLE `PRODUCTOS` DISABLE KEYS */;
INSERT INTO `PRODUCTOS` VALUES ('AR01','FERRETERÍA','DESTORNILLADOR',1000,'2000-10-22','FALSO','ESPAÑA',NULL),('AR02','CONFECCIÓN','TRAJE CABALLERO',284,'2002-03-11','VERDADERO','ITALIA',NULL),('AR03','JUGUETERÍA','COCHE TELEDIRIGIDO',159,'2002-05-26','VERDADERO','MARRUECOS',NULL),('AR07','CONFECCIÓN','SERRUCHO',50,'2001-03-23','VERDADERO','FRANCIA',NULL),('AR08','JUGUETERÍA','CORREPASILLOS',103,'2000-04-11','VERDADERO','JAPÓN',NULL),('AR09','CONFECCIÓN','PANTALÓN SEÑORA',174,'2000-01-10','VERDADERO','MARRUECOS',NULL),('AR10','JUGUETERÍA','CONSOLA VIDEO',442,'2002-09-24','VERDADERO','USA',NULL),('AR11','CERÁMICA','TUBOS',168,'2000-02-04','VERDADERO','CHINA',NULL),('AR12','FERRETERÍA','LLAVE INGLESA',24,'2001-05-23','VERDADERO','USA',NULL),('AR13','CONFECCIÓN','CAMISA CABALLERO',67,'2002-08-11','FALSO','ESPAÑA',NULL),('AR14','JUGUETERÍA','TREN ELÉCTRICO',2,'2001-07-03','VERDADERO','JAPÓN',NULL),('AR15','CERÁMICA','PLATO DECORATIVO',54,'2000-06-07','VERDADERO','CHINA',NULL),('AR16','FERRETERÍA','ALICATES',6,'2000-04-17','VERDADERO','ITALIA',NULL),('AR17','JUGUETERÍA','MUÑECA ANDADORA',105,'2001-01-04','FALSO','ESPAÑA',NULL),('AR18','DEPORTIVOS','PISTOLA OLÍMPICA',66,'2001-02-02','VERDADERO','SUECIA',NULL),('AR19','CONFECCIÓN','BLUSA SRA.',101,'2000-03-18','VERDADERO','CHINA',NULL),('AR20','CERÁMICA','JUEGO DE TE',43,'2001-01-15','VERDADERO','CHINA',NULL),('AR21','CERÁMICA','CENICERO',19,'2001-07-02','VERDADERO','JAPÓN',NULL),('AR22','FERRETERÍA','MARTILLO',11,'2001-09-04','FALSO','ESPAÑA',NULL),('AR23','CONFECCIÓN','CAZADORA PIEL',522,'2001-07-10','VERDADERO','ITALIA',NULL),('AR24','DEPORTIVOS','BALÓN RUGBY',111,'2000-11-11','VERDADERO','USA',NULL),('AR26','JUGUETERÍA','FUERTE DE SOLDADOS',143,'2000-11-25','VERDADERO','JAPÓN',NULL),('AR27','CONFECCIÓN','ABRIGO CABALLERO',500,'2002-04-05','VERDADERO','ITALIA',NULL),('AR28','DEPORTIVOS','BALÓN FÚTBOL',425,'2002-07-04','FALSO','ESPAÑA',NULL),('AR29','CONFECCIÓN','ABRIGO SRA',360,'2001-05-03','VERDADERO','MARRUECOS',NULL),('AR30','FERRETERÍA','DESTORNILLADOR',9,'2002-02-20','VERDADERO','FRANCIA',NULL),('AR31','JUGUETERÍA','PISTOLA CON SONIDOS',57,'2001-04-15','FALSO','ESPAÑA',NULL),('AR32','DEPORTIVOS','CRONÓMETRO',439,'2002-01-03','VERDADERO','USA',NULL),('AR33','CERÁMICA','MACETA',29,'2000-02-23','FALSO','ESPAÑA',NULL),('AR34','OFICINA','PIE DE LÁMPARA',39,'2001-05-27','VERDADERO','TURQUÍA',NULL),('AR35','FERRETERÍA','LIMA GRANDE',22,'2002-08-10','FALSO','ESPAÑA',NULL),('AR36','FERRETERÍA','JUEGO DE BROCAS',15,'2002-07-04','VERDADERO','TAIWÁN',NULL),('AR37','CONFECCIÓN','CINTURÓN DE PIEL',4,'2002-05-12','FALSO','ESPAÑA',NULL),('AR41','DEPORTIVOS','PALAS DE PING PONG',21,'2002-02-02','FALSO','ESPAÑA',NULL),('AR75',NULL,'PANTALÓN',50,NULL,NULL,'ESPAÑA',NULL),('AR75',NULL,'PANTALÓN',50,NULL,NULL,'ESPAÑA',NULL);
/*!40000 ALTER TABLE `PRODUCTOS` ENABLE KEYS */;
UNLOCK TABLES;
/*!50003 SET @saved_cs_client      = @@character_set_client */ ;
/*!50003 SET @saved_cs_results     = @@character_set_results */ ;
/*!50003 SET @saved_col_connection = @@collation_connection */ ;
/*!50003 SET character_set_client  = utf8mb4 */ ;
/*!50003 SET character_set_results = utf8mb4 */ ;
/*!50003 SET collation_connection  = utf8mb4_0900_ai_ci */ ;
/*!50003 SET @saved_sql_mode       = @@sql_mode */ ;
/*!50003 SET sql_mode              = 'ONLY_FULL_GROUP_BY,STRICT_TRANS_TABLES,NO_ZERO_IN_DATE,NO_ZERO_DATE,ERROR_FOR_DIVISION_BY_ZERO,NO_ENGINE_SUBSTITUTION' */ ;
DELIMITER ;;
/*!50003 CREATE*/ /*!50017 DEFINER=`charly`@`%`*/ /*!50003 TRIGGER `PRODUCTOS_AI` AFTER INSERT ON `PRODUCTOS` FOR EACH ROW INSERT INTO REG_PRODUCTOS(CODIGOARTICULO, NOMBREARTICULO, PRECIO, INSERTADO)
VALUES (NEW.CODÍGO_ARTÍCULO, NEW.NOMBRE_ARTÍCULO, NEW.PRECIO, NOW()) */;;
DELIMITER ;
/*!50003 SET sql_mode              = @saved_sql_mode */ ;
/*!50003 SET character_set_client  = @saved_cs_client */ ;
/*!50003 SET character_set_results = @saved_cs_results */ ;
/*!50003 SET collation_connection  = @saved_col_connection */ ;
/*!50003 SET @saved_cs_client      = @@character_set_client */ ;
/*!50003 SET @saved_cs_results     = @@character_set_results */ ;
/*!50003 SET @saved_col_connection = @@collation_connection */ ;
/*!50003 SET character_set_client  = utf8mb4 */ ;
/*!50003 SET character_set_results = utf8mb4 */ ;
/*!50003 SET collation_connection  = utf8mb4_0900_ai_ci */ ;
/*!50003 SET @saved_sql_mode       = @@sql_mode */ ;
/*!50003 SET sql_mode              = 'ONLY_FULL_GROUP_BY,STRICT_TRANS_TABLES,NO_ZERO_IN_DATE,NO_ZERO_DATE,ERROR_FOR_DIVISION_BY_ZERO,NO_ENGINE_SUBSTITUTION' */ ;
DELIMITER ;;
/*!50003 CREATE*/ /*!50017 DEFINER=`charly`@`%`*/ /*!50003 TRIGGER `ACTUALIZA_PRODUCTOS_BU` BEFORE UPDATE ON `PRODUCTOS` FOR EACH ROW INSERT INTO PRODUCTOS_ACTUALIZADOS (ANT_CODIGOARTICULO, ANT_NOMBREARTICULO, ANT_SECCION, ANT_PRECIO, ANT_IMPORTADO, ANT_PAISDEORIGEN, ANT_FECHA, NUEV_CODIGOARTICULO, NUEV_NOMBREARTICULO, NUEV_PAISDEORIGEN, NUEV_SECCION, NUEV_PRECIO, NUEV_IMPORTADO, NUEV_FECHA, USUARIO, FECHA_MOD)
 VALUES (OLD.CODÍGO_ARTÍCULO, OLD.NOMBRE_ARTÍCULO,  OLD.SECCIÓN, OLD.PRECIO, OLD.IMPORTADO, OLD.PAÍS_DE_ORIGEN, OLD.FECHA, NEW.CODÍGO_ARTÍCULO, NEW.NOMBRE_ARTÍCULO, NEW.PAÍS_DE_ORIGEN, NEW.SECCIÓN, NEW.PRECIO, NEW.IMPORTADO, NEW.FECHA, CURRENT_USER(), NOW()) */;;
DELIMITER ;
/*!50003 SET sql_mode              = @saved_sql_mode */ ;
/*!50003 SET character_set_client  = @saved_cs_client */ ;
/*!50003 SET character_set_results = @saved_cs_results */ ;
/*!50003 SET collation_connection  = @saved_col_connection */ ;
/*!50003 SET @saved_cs_client      = @@character_set_client */ ;
/*!50003 SET @saved_cs_results     = @@character_set_results */ ;
/*!50003 SET @saved_col_connection = @@collation_connection */ ;
/*!50003 SET character_set_client  = utf8mb4 */ ;
/*!50003 SET character_set_results = utf8mb4 */ ;
/*!50003 SET collation_connection  = utf8mb4_0900_ai_ci */ ;
/*!50003 SET @saved_sql_mode       = @@sql_mode */ ;
/*!50003 SET sql_mode              = 'ONLY_FULL_GROUP_BY,STRICT_TRANS_TABLES,NO_ZERO_IN_DATE,NO_ZERO_DATE,ERROR_FOR_DIVISION_BY_ZERO,NO_ENGINE_SUBSTITUTION' */ ;
DELIMITER ;;
/*!50003 CREATE*/ /*!50017 DEFINER=`charly`@`%`*/ /*!50003 TRIGGER `REVISA_PRECIO` BEFORE UPDATE ON `PRODUCTOS` FOR EACH ROW BEGIN
        IF(NEW.PRECIO <0) THEN
            SET NEW.PRECIO=OLD;
        ELSEIF(NEW.PRECIO>1000) THEN
            SET NEW.PRECIO=OLD;
        END IF;

    END */;;
DELIMITER ;
/*!50003 SET sql_mode              = @saved_sql_mode */ ;
/*!50003 SET character_set_client  = @saved_cs_client */ ;
/*!50003 SET character_set_results = @saved_cs_results */ ;
/*!50003 SET collation_connection  = @saved_col_connection */ ;
/*!50003 SET @saved_cs_client      = @@character_set_client */ ;
/*!50003 SET @saved_cs_results     = @@character_set_results */ ;
/*!50003 SET @saved_col_connection = @@collation_connection */ ;
/*!50003 SET character_set_client  = utf8mb4 */ ;
/*!50003 SET character_set_results = utf8mb4 */ ;
/*!50003 SET collation_connection  = utf8mb4_0900_ai_ci */ ;
/*!50003 SET @saved_sql_mode       = @@sql_mode */ ;
/*!50003 SET sql_mode              = 'ONLY_FULL_GROUP_BY,STRICT_TRANS_TABLES,NO_ZERO_IN_DATE,NO_ZERO_DATE,ERROR_FOR_DIVISION_BY_ZERO,NO_ENGINE_SUBSTITUTION' */ ;
DELIMITER ;;
/*!50003 CREATE*/ /*!50017 DEFINER=`charly`@`%`*/ /*!50003 TRIGGER `ELIMININA_PROD` AFTER DELETE ON `PRODUCTOS` FOR EACH ROW INSERT INTO PROD_ELIMINADOS (C_ART, NOMBRE, SECCION, PRECIO, PAIS_ORIGEN, USUARIO, FECHA_MODIF)
 VALUES (OLD.CODÍGO_ARTÍCULO, OLD.NOMBRE_ARTÍCULO, OLD.SECCIÓN, OLD.PRECIO, OLD.PAÍS_DE_ORIGEN, CURRENT_USER(), NOW()) */;;
DELIMITER ;
/*!50003 SET sql_mode              = @saved_sql_mode */ ;
/*!50003 SET character_set_client  = @saved_cs_client */ ;
/*!50003 SET character_set_results = @saved_cs_results */ ;
/*!50003 SET collation_connection  = @saved_col_connection */ ;

--
-- Table structure for table `PRODUCTOSPEDIDOS`
--

DROP TABLE IF EXISTS `PRODUCTOSPEDIDOS`;
/*!40101 SET @saved_cs_client     = @@character_set_client */;
/*!50503 SET character_set_client = utf8mb4 */;
CREATE TABLE `PRODUCTOSPEDIDOS` (
  `NÚMERODEPEDIDO` int(11) DEFAULT NULL,
  `CÓDIGOARTÍCULO` text,
  `UNIDADES` int(11) DEFAULT NULL
) ENGINE=InnoDB DEFAULT CHARSET=utf8mb4 COLLATE=utf8mb4_0900_ai_ci;
/*!40101 SET character_set_client = @saved_cs_client */;

--
-- Dumping data for table `PRODUCTOSPEDIDOS`
--

LOCK TABLES `PRODUCTOSPEDIDOS` WRITE;
/*!40000 ALTER TABLE `PRODUCTOSPEDIDOS` DISABLE KEYS */;
INSERT INTO `PRODUCTOSPEDIDOS` VALUES (1,'AR01',11),(1,'AR04',10),(1,'AR15',4),(1,'AR22',18),(3,'AR02',20),(3,'AR22',3),(5,'AR04',16),(7,'AR06',16),(8,'AR02',6),(8,'AR06',5),(8,'AR07',6),(8,'AR10',2),(8,'AR12',30),(8,'AR15',15),(8,'AR18',20),(8,'AR19',18),(8,'AR25',5),(8,'AR32',15),(8,'AR33',18),(8,'AR34',5),(8,'AR35',24),(9,'AR06',14),(11,'AR08',1),(12,'AR08',12),(13,'AR08',8),(16,'AR10',17),(19,'AR13',4),(21,'AR15',11),(22,'AR17',6),(22,'AR26',4),(22,'AR28',21),(25,'AR19',12),(26,'AR19',12),(27,'AR21',11),(28,'AR21',22),(29,'AR22',12),(30,'AR23',33),(31,'AR24',31),(32,'AR25',11),(34,'AR22',7),(34,'AR27',3),(35,'AR22',9),(35,'AR27',12),(37,'AR27',11),(39,'AR29',22),(40,'AR30',1),(42,'AR31',21),(43,'AR32',3),(44,'AR22',22),(45,'AR36',21),(46,'AR37',8),(47,'AR38',12),(48,'AR38',13),(49,'AR39',13),(50,'AR39',1);
/*!40000 ALTER TABLE `PRODUCTOSPEDIDOS` ENABLE KEYS */;
UNLOCK TABLES;

--
-- Table structure for table `PRODUCTOS_ACTUALIZADOS`
--

DROP TABLE IF EXISTS `PRODUCTOS_ACTUALIZADOS`;
/*!40101 SET @saved_cs_client     = @@character_set_client */;
/*!50503 SET character_set_client = utf8mb4 */;
CREATE TABLE `PRODUCTOS_ACTUALIZADOS` (
  `ANT_CODIGOARTICULO` varchar(4) DEFAULT NULL,
  `ANT_NOMBREARTICULO` varchar(25) DEFAULT NULL,
  `ANT_SECCION` varchar(15) DEFAULT NULL,
  `ANT_PRECIO` int(4) DEFAULT NULL,
  `ANT_IMPORTADO` varchar(15) DEFAULT NULL,
  `ANT_PAISDEORIGEN` varchar(15) DEFAULT NULL,
  `ANT_FECHA` date DEFAULT NULL,
  `NUEV_CODIGOARTICULO` varchar(4) DEFAULT NULL,
  `NUEV_NOMBREARTICULO` varchar(25) DEFAULT NULL,
  `NUEV_PAISDEORIGEN` varchar(15) DEFAULT NULL,
  `NUEV_SECCION` varchar(15) DEFAULT NULL,
  `NUEV_PRECIO` int(4) DEFAULT NULL,
  `NUEV_IMPORTADO` varchar(15) DEFAULT NULL,
  `NUEV_FECHA` date DEFAULT NULL,
  `USUARIO` varchar(15) DEFAULT NULL,
  `FECHA_MOD` date DEFAULT NULL
) ENGINE=InnoDB DEFAULT CHARSET=utf8mb4 COLLATE=utf8mb4_0900_ai_ci;
/*!40101 SET character_set_client = @saved_cs_client */;

--
-- Dumping data for table `PRODUCTOS_ACTUALIZADOS`
--

LOCK TABLES `PRODUCTOS_ACTUALIZADOS` WRITE;
/*!40000 ALTER TABLE `PRODUCTOS_ACTUALIZADOS` DISABLE KEYS */;
INSERT INTO `PRODUCTOS_ACTUALIZADOS` VALUES ('AR07','SERRUCHO','CONFECCIÓN',30,'VERDADERO','FRANCIA','2001-03-23','AR07','SERRUCHO','FRANCIA','CONFECCIÓN',50,'VERDADERO','2001-03-23','charly@%','2019-12-30'),('AR28','BALÓN FÚTBOL','DEPORTIVOS',43,'FALSO','ESPAÑA','2002-07-04','AR28','BALÓN FÚTBOL','ESPAÑA','DEPORTIVOS',425,'FALSO','2002-07-04','charly@%','2019-12-31'),('AR01','DESTORNILLADOR','FERRETERÍA',6,'FALSO','ESPAÑA','2000-10-22','AR01','DESTORNILLADOR','ESPAÑA','FERRETERÍA',15,'FALSO','2000-10-22','charly@%','2019-12-31'),('AR01','DESTORNILLADOR','FERRETERÍA',15,'FALSO','ESPAÑA','2000-10-22','AR01','DESTORNILLADOR','ESPAÑA','FERRETERÍA',8500,'FALSO','2000-10-22','charly@%','2019-12-31'),('AR01','DESTORNILLADOR','FERRETERÍA',1000,'FALSO','ESPAÑA','2000-10-22','AR01','DESTORNILLADOR','ESPAÑA','FERRETERÍA',6,'FALSO','2000-10-22','charly@%','2019-12-31'),('AR01','DESTORNILLADOR','FERRETERÍA',6,'FALSO','ESPAÑA','2000-10-22','AR01','DESTORNILLADOR','ESPAÑA','FERRETERÍA',12000,'FALSO','2000-10-22','charly@%','2019-12-31'),('AR18','PISTOLA OLÍMPICA','DEPORTIVOS',46,'VERDADERO','SUECIA','2001-02-02','AR18','PISTOLA OLÍMPICA','SUECIA','DEPORTIVOS',56,'VERDADERO','2001-02-02','charly@%','2019-12-31'),('AR18','PISTOLA OLÍMPICA','DEPORTIVOS',56,'VERDADERO','SUECIA','2001-02-02','AR18','PISTOLA OLÍMPICA','SUECIA','DEPORTIVOS',66,'VERDADERO','2001-02-02','charly@%','2019-12-31'),('AR77','PANTALÓN',NULL,25,NULL,NULL,NULL,'AR77','PANTALÓN',NULL,NULL,50,NULL,NULL,'charly@%','2020-01-07');
/*!40000 ALTER TABLE `PRODUCTOS_ACTUALIZADOS` ENABLE KEYS */;
UNLOCK TABLES;

--
-- Table structure for table `PROD_ELIMINADOS`
--

DROP TABLE IF EXISTS `PROD_ELIMINADOS`;
/*!40101 SET @saved_cs_client     = @@character_set_client */;
/*!50503 SET character_set_client = utf8mb4 */;
CREATE TABLE `PROD_ELIMINADOS` (
  `C_ART` varchar(5) DEFAULT NULL,
  `NOMBRE` varchar(15) DEFAULT NULL,
  `SECCION` varchar(15) DEFAULT NULL,
  `PRECIO` int(11) DEFAULT NULL,
  `PAIS_ORIGEN` varchar(15) DEFAULT NULL,
  `USUARIO` varchar(15) DEFAULT NULL,
  `FECHA_MODIF` datetime DEFAULT NULL
) ENGINE=InnoDB DEFAULT CHARSET=utf8mb4 COLLATE=utf8mb4_0900_ai_ci;
/*!40101 SET character_set_client = @saved_cs_client */;

--
-- Dumping data for table `PROD_ELIMINADOS`
--

LOCK TABLES `PROD_ELIMINADOS` WRITE;
/*!40000 ALTER TABLE `PROD_ELIMINADOS` DISABLE KEYS */;
INSERT INTO `PROD_ELIMINADOS` VALUES ('AR39','JARRA CHINA','CERÁMICA',127,'CHINA',NULL,NULL),('AR38','CAÑA DE PESCA','DEPORTIVOS',270,'USA','charly@%','2019-12-31 12:18:35'),('AR77','PANTALÓN',NULL,50,NULL,'charly@%','2020-01-07 11:46:57');
/*!40000 ALTER TABLE `PROD_ELIMINADOS` ENABLE KEYS */;
UNLOCK TABLES;

--
-- Table structure for table `PRUEBA`
--

DROP TABLE IF EXISTS `PRUEBA`;
/*!40101 SET @saved_cs_client     = @@character_set_client */;
/*!50503 SET character_set_client = utf8mb4 */;
CREATE TABLE `PRUEBA` (
  `ID_ALUMNO` int(11) NOT NULL AUTO_INCREMENT,
  `NOMBRE` varchar(20) DEFAULT NULL,
  `APELLIDO` varchar(20) DEFAULT NULL,
  `EDAD` int(11) DEFAULT NULL,
  `FECHA_NACIMIENTO` date DEFAULT NULL,
  `CARNET` tinyint(1) DEFAULT NULL,
  `LUGAR_NACIMEINTO` varchar(20),
  PRIMARY KEY (`ID_ALUMNO`)
) ENGINE=InnoDB DEFAULT CHARSET=utf8mb4 COLLATE=utf8mb4_0900_ai_ci;
/*!40101 SET character_set_client = @saved_cs_client */;

--
-- Dumping data for table `PRUEBA`
--

LOCK TABLES `PRUEBA` WRITE;
/*!40000 ALTER TABLE `PRUEBA` DISABLE KEYS */;
/*!40000 ALTER TABLE `PRUEBA` ENABLE KEYS */;
UNLOCK TABLES;

--
-- Table structure for table `ProductosNuevos`
--

DROP TABLE IF EXISTS `ProductosNuevos`;
/*!40101 SET @saved_cs_client     = @@character_set_client */;
/*!50503 SET character_set_client = utf8mb4 */;
CREATE TABLE `ProductosNuevos` (
  `CÓDIGOARTÍCULO` text,
  `SECCIÓN` text,
  `NOMBREARTÍCULO` text,
  `PRECIO` decimal(10,0) DEFAULT NULL,
  `FECHA` text,
  `IMPORTADO` text,
  `PAÍSDEORIGEN` text,
  `FOTO` text
) ENGINE=InnoDB DEFAULT CHARSET=utf8mb4 COLLATE=utf8mb4_0900_ai_ci;
/*!40101 SET character_set_client = @saved_cs_client */;

--
-- Dumping data for table `ProductosNuevos`
--

LOCK TABLES `ProductosNuevos` WRITE;
/*!40000 ALTER TABLE `ProductosNuevos` DISABLE KEYS */;
INSERT INTO `ProductosNuevos` VALUES ('AR50','ALTA COSTURA','TRAJE CABALLERO',1,'11/03/2002','VERDADERO','ITALIA',NULL),('AR51','DEPORTES DE RIESGO','RAQUETA TENIS',1,'20/03/2000','VERDADERO','USA',NULL),('AR52','DEPORTES DE RIESGO','MANCUERNAS',1,'13/09/2000','VERDADERO','USA',NULL),('AR53','ALTA COSTURA','SERRUCHO',1,'23/03/2001','VERDADERO','FRANCIA',NULL),('AR54','ALTA COSTURA','PANTALÓN SEÑORA',1,'10/01/2000','VERDADERO','MARRUECOS',NULL),('AR55','ALTA COSTURA','CAMISA CABALLERO',1,'11/08/2002','FALSO','ESPAÑA',NULL),('AR56','DEPORTES DE RIESGO','PISTOLA OLÍMPICA',1,'02/02/2001','VERDADERO','SUECIA',NULL),('AR57','ALTA COSTURA','BLUSA SRA.',1,'18/03/2000','VERDADERO','CHINA',NULL),('AR58','ALTA COSTURA','CAZADORA PIEL',2,'10/07/2001','VERDADERO','ITALIA',NULL),('AR59','DEPORTES DE RIESGO','BALÓN RUGBY',1,'11/11/2000','VERDADERO','USA',NULL),('AR60','DEPORTES DE RIESGO','BALÓN BALONCESTO',1,'25/06/2001','VERDADERO','JAPÓN',NULL),('AR61','ALTA COSTURA','ABRIGO CABALLERO',2,'05/04/2002','VERDADERO','ITALIA',NULL),('AR62','DEPORTES DE RIESGO','BALÓN FÚTBOL',1,'04/07/2002','FALSO','ESPAÑA',NULL),('AR63','ALTA COSTURA','ABRIGO SRA',1,'03/05/2001','VERDADERO','MARRUECOS',NULL),('AR64','DEPORTES DE RIESGO','CRONÓMETRO',1,'03/01/2002','VERDADERO','USA',NULL),('AR65','ALTA COSTURA','CINTURÓN DE PIEL',1,'12/05/2002','FALSO','ESPAÑA',NULL),('AR66','DEPORTES DE RIESGO','CAÑA DE PESCA',1,'14/02/2000','VERDADERO','USA',NULL),('AR67','DEPORTES DE RIESGO','BOTA ALPINISMO',1,'05/05/2002','FALSO','ESPAÑA',NULL),('AR68','DEPORTES DE RIESGO','PALAS DE PING PONG',1,'02/02/2002','FALSO','ESPAÑA',NULL);
/*!40000 ALTER TABLE `ProductosNuevos` ENABLE KEYS */;
UNLOCK TABLES;

--
-- Table structure for table `REG_PRODUCTOS`
--

DROP TABLE IF EXISTS `REG_PRODUCTOS`;
/*!40101 SET @saved_cs_client     = @@character_set_client */;
/*!50503 SET character_set_client = utf8mb4 */;
CREATE TABLE `REG_PRODUCTOS` (
  `CODIGOARTICULO` varchar(25) DEFAULT NULL,
  `NOMBREARTICULO` varchar(30) DEFAULT NULL,
  `PRECIO` int(4) DEFAULT NULL,
  `INSERTADO` datetime DEFAULT NULL
) ENGINE=InnoDB DEFAULT CHARSET=utf8mb4 COLLATE=utf8mb4_0900_ai_ci;
/*!40101 SET character_set_client = @saved_cs_client */;

--
-- Dumping data for table `REG_PRODUCTOS`
--

LOCK TABLES `REG_PRODUCTOS` WRITE;
/*!40000 ALTER TABLE `REG_PRODUCTOS` DISABLE KEYS */;
INSERT INTO `REG_PRODUCTOS` VALUES ('AR75','PANTALÓN',50,'2019-12-30 13:06:41'),('AR77','PANTALÓN',25,'2020-01-07 11:38:38');
/*!40000 ALTER TABLE `REG_PRODUCTOS` ENABLE KEYS */;
UNLOCK TABLES;

--
-- Final view structure for view `ART_DEPORTES`
--

/*!50001 DROP VIEW IF EXISTS `ART_DEPORTES`*/;
/*!50001 SET @saved_cs_client          = @@character_set_client */;
/*!50001 SET @saved_cs_results         = @@character_set_results */;
/*!50001 SET @saved_col_connection     = @@collation_connection */;
/*!50001 SET character_set_client      = utf8mb4 */;
/*!50001 SET character_set_results     = utf8mb4 */;
/*!50001 SET collation_connection      = utf8mb4_0900_ai_ci */;
/*!50001 CREATE ALGORITHM=UNDEFINED */
/*!50013 DEFINER=`charly`@`%` SQL SECURITY DEFINER */
/*!50001 VIEW `ART_DEPORTES` AS select `PRODUCTOS`.`NOMBRE_ARTÍCULO` AS `NOMBRE_ARTÍCULO`,`PRODUCTOS`.`SECCIÓN` AS `SECCIÓN`,`PRODUCTOS`.`PRECIO` AS `PRECIO`,`PRODUCTOS`.`PAÍS_DE_ORIGEN` AS `PAÍS_DE_ORIGEN` from `PRODUCTOS` where (`PRODUCTOS`.`PAÍS_DE_ORIGEN` = 'ESPAÑA') */;
/*!50001 SET character_set_client      = @saved_cs_client */;
/*!50001 SET character_set_results     = @saved_cs_results */;
/*!50001 SET collation_connection      = @saved_col_connection */;
/*!40103 SET TIME_ZONE=@OLD_TIME_ZONE */;

/*!40101 SET SQL_MODE=@OLD_SQL_MODE */;
/*!40014 SET FOREIGN_KEY_CHECKS=@OLD_FOREIGN_KEY_CHECKS */;
/*!40014 SET UNIQUE_CHECKS=@OLD_UNIQUE_CHECKS */;
/*!40101 SET CHARACTER_SET_CLIENT=@OLD_CHARACTER_SET_CLIENT */;
/*!40101 SET CHARACTER_SET_RESULTS=@OLD_CHARACTER_SET_RESULTS */;
/*!40101 SET COLLATION_CONNECTION=@OLD_COLLATION_CONNECTION */;
/*!40111 SET SQL_NOTES=@OLD_SQL_NOTES */;

-- Dump completed on 2020-01-08 18:01:31
